job_title,company,posted_date,salary,job_description
"Software Developer, Data Engineering",,,,,https://boards.greenhouse.io/poshmark/jobs/4788644
Staff Software Engineer,,,,,https://boards.greenhouse.io/springhealth66/jobs/4226478005%3Fgh_jid%3D4226478005
Software Engineer - Editor,,,,,https://boards.greenhouse.io/figma/jobs/4214847004
Application Software Engineer,,,,,https://boards.greenhouse.io/spacex/jobs/6554737002%3Fgh_jid%3D6554737002
"Software Engineer, Developer Tools",,,,,https://boards.greenhouse.io/spacex/jobs/6547548002%3Fgh_jid%3D6547548002
Software Engineer,,,,,https://boards.greenhouse.io/spacex/jobs/6602157002%3Fgh_jid%3D6602157002
 Software Developer,,,,,https://boards.greenhouse.io/intelextechnologies/jobs/4896237
,,,,,https://jobs.lever.co/palantir/aefa3d44-e768-4729-9e47-bc71f7f8e248
Summer 2023 Software Developer Internships,,,,,https://boards.greenhouse.io/wizardsofthecoast/jobs/6495507002
,,,,,https://jobs.lever.co/postera/a4dc8d1a-e481-4e56-815b-bbae8232e418
,,,,,https://jobs.lever.co/UtopiaLabs/10def4fe-cc06-4461-afba-5e7d1eaf1a96
,,,,,https://support.google.com/
,,,,,https://jobs.lever.co/viamericas/0332f1a8-ee47-4bb8-9bf2-8d864ce25496
,,,,,https://jobs.lever.co/magnetforensics/59e2a3b8-59c4-45c9-a705-695ff620d981
,,,,,https://jobs.lever.co/clubhouse/e1faf52e-a35f-41f2-b2e5-250d5f1777be
,,,,,https://jobs.lever.co/tekton/fe1dfe1c-1519-4eda-97bb-03794d65bf1b
,,,,,https://jobs.lever.co/MaintainX/41654896-e531-4fdb-a782-67b350abd687
